{"cameraMode":{"drawMode":0,"name":"Shaded","section":"Shading Mode"},"sceneLighting":false,"audioPlay":false,"sceneViewState":{"showFog":true,"showMaterialUpdate":false,"showSkybox":true,"showFlares":true,"showImageEffects":true,"showParticleSystems":true},"in2DMode":false,"pivot":{"x":1.6225128173828126,"y":1.5357599258422852,"z":-4.007140636444092},"rotation":{"x":-0.16307711601257325,"y":0.005028598476201296,"z":-0.0008307064417749643,"w":-0.9866090416908264},"size":6.477649211883545,"orthographic":false}